,ds,trend,yhat_lower,yhat_upper,trend_lower,trend_upper,additive_terms,additive_terms_lower,additive_terms_upper,weekly,weekly_lower,weekly_upper,multiplicative_terms,multiplicative_terms_lower,multiplicative_terms_upper,yhat
0,2021-08-31,246.0038308743817,202.9923916801187,287.3359725400906,246.0038308743817,246.0038308743817,0.04857969732408777,0.04857969732408777,0.04857969732408777,0.04857969732408777,0.04857969732408777,0.04857969732408777,0.0,0.0,0.0,246.0524105717058
1,2021-09-01,247.26001023846462,206.36890194834714,288.04101400639314,247.26001023846462,247.26001023846462,1.4096944973880088,1.4096944973880088,1.4096944973880088,1.4096944973880088,1.4096944973880088,1.4096944973880088,0.0,0.0,0.0,248.66970473585263
2,2021-09-02,248.51618960254754,208.5410947346293,289.26528087732265,248.51618960254754,248.51618960254754,-0.7821673464481524,-0.7821673464481524,-0.7821673464481524,-0.7821673464481524,-0.7821673464481524,-0.7821673464481524,0.0,0.0,0.0,247.7340222560994
3,2021-09-03,249.77236896663044,204.7535605152386,283.30775098947356,249.77236896663044,249.77236896663044,-2.3712978555388022,-2.3712978555388022,-2.3712978555388022,-2.3712978555388022,-2.3712978555388022,-2.3712978555388022,0.0,0.0,0.0,247.40107111109162
4,2021-09-07,254.79708642296208,215.4758179469998,298.40276789302743,254.79708642296208,254.79708642296208,0.04857969732950006,0.04857969732950006,0.04857969732950006,0.04857969732950006,0.04857969732950006,0.04857969732950006,0.0,0.0,0.0,254.84566612029158
5,2021-09-08,256.053265787045,213.53337343284434,297.8891608044536,256.053265787045,256.053265787045,1.4096944973940795,1.4096944973940795,1.4096944973940795,1.4096944973940795,1.4096944973940795,1.4096944973940795,0.0,0.0,0.0,257.4629602844391
6,2021-09-09,257.30944515112793,213.53542160286457,296.62597573558776,257.30944515112793,257.30944515112793,-0.782167346436369,-0.782167346436369,-0.782167346436369,-0.782167346436369,-0.782167346436369,-0.782167346436369,0.0,0.0,0.0,256.52727780469155
7,2021-09-10,258.56562451521086,217.84082929610796,297.8298234508625,258.56562451521086,258.56562451521086,-2.3712978555316173,-2.3712978555316173,-2.3712978555316173,-2.3712978555316173,-2.3712978555316173,-2.3712978555316173,0.0,0.0,0.0,256.19432665967923
8,2021-09-13,262.33416260745963,227.5215479197277,307.4354289495314,262.33416260745963,262.33416260745963,3.358869670631638,3.358869670631638,3.358869670631638,3.358869670631638,3.358869670631638,3.358869670631638,0.0,0.0,0.0,265.69303227809127
9,2021-09-14,263.59034198828977,222.2660145350239,307.63845151500436,263.59034198828977,263.59034198828977,0.04857969732871527,0.04857969732871527,0.04857969732871527,0.04857969732871527,0.04857969732871527,0.04857969732871527,0.0,0.0,0.0,263.63892168561847
10,2021-09-15,264.84652136911984,226.8420025219336,308.9670750266955,264.84652136911984,264.84652136911984,1.4096944973915857,1.4096944973915857,1.4096944973915857,1.4096944973915857,1.4096944973915857,1.4096944973915857,0.0,0.0,0.0,266.2562158665114
11,2021-09-16,266.10270074995003,224.4347986584599,307.90981679844816,266.10270074995003,266.10270074995003,-0.7821673464455313,-0.7821673464455313,-0.7821673464455313,-0.7821673464455313,-0.7821673464455313,-0.7821673464455313,0.0,0.0,0.0,265.3205334035045
12,2021-09-17,267.3588801307801,223.784703454053,306.32111697877883,267.3588801307801,267.3588801307801,-2.3712978555304627,-2.3712978555304627,-2.3712978555304627,-2.3712978555304627,-2.3712978555304627,-2.3712978555304627,0.0,0.0,0.0,264.9875822752496
13,2021-09-20,271.12741827327045,231.02462762645183,319.63449060952087,271.12741827327045,271.12741827327045,3.3588696706313415,3.3588696706313415,3.3588696706313415,3.3588696706313415,3.3588696706313415,3.3588696706313415,0.0,0.0,0.0,274.4862879439018
14,2021-09-21,272.3835976541006,232.7990492694499,312.3615759344268,272.3835976541006,272.3835976541006,0.04857969732420956,0.04857969732420956,0.04857969732420956,0.04857969732420956,0.04857969732420956,0.04857969732420956,0.0,0.0,0.0,272.4321773514248
15,2021-09-22,273.6397770349307,233.68959201072727,312.8207285553776,273.6397770349307,273.6397770349307,1.409694497392089,1.409694497392089,1.409694497392089,1.409694497392089,1.409694497392089,1.409694497392089,0.0,0.0,0.0,275.0494715323228
16,2021-09-23,274.8959564157608,232.12805220365638,318.1857342910229,274.8959564157608,274.8959564157608,-0.7821673464442208,-0.7821673464442208,-0.7821673464442208,-0.7821673464442208,-0.7821673464442208,-0.7821673464442208,0.0,0.0,0.0,274.11378906931657
17,2021-09-24,276.15213580394254,232.6881378999507,315.40053972115334,276.15213580394254,276.15213580394254,-2.3712978555335855,-2.3712978555335855,-2.3712978555335855,-2.3712978555335855,-2.3712978555335855,-2.3712978555335855,0.0,0.0,0.0,273.78083794840893
18,2021-09-27,279.92067396848773,242.3282523821209,321.5414195872461,279.92067396848773,279.92067396848773,3.3588696706317887,3.3588696706317887,3.3588696706317887,3.3588696706317887,3.3588696706317887,3.3588696706317887,0.0,0.0,0.0,283.27954363911954
19,2021-09-28,281.1768533566695,239.5882238963209,320.5319784104857,281.1768533566695,281.1768533566695,0.04857969732466276,0.04857969732466276,0.04857969732466276,0.04857969732466276,0.04857969732466276,0.04857969732466276,0.0,0.0,0.0,281.22543305399415
20,2021-09-29,282.4330327448512,244.13779630196885,325.72188738905913,282.4330327448512,282.4330327448512,1.409694497389595,1.409694497389595,1.409694497389595,1.409694497389595,1.409694497389595,1.409694497389595,0.0,0.0,0.0,283.84272724224076
21,2021-09-30,283.6892121330329,243.286666217832,324.6966441211181,283.6892121330329,283.6892121330329,-0.7821673464533831,-0.7821673464533831,-0.7821673464533831,-0.7821673464533831,-0.7821673464533831,-0.7821673464533831,0.0,0.0,0.0,282.90704478657955
22,2021-10-01,284.9453915212146,241.27241966069707,324.1111552784135,284.9453915212146,284.9453915212146,-2.371297855536709,-2.371297855536709,-2.371297855536709,-2.371297855536709,-2.371297855536709,-2.371297855536709,0.0,0.0,0.0,282.57409366567794
23,2021-10-04,288.7139296857598,252.65579113979365,331.9242794713749,288.7139296857598,288.7139296857598,3.358869670631865,3.358869670631865,3.358869670631865,3.358869670631865,3.358869670631865,3.358869670631865,0.0,0.0,0.0,292.07279935639167
24,2021-10-05,289.9701090739415,247.71653179842616,330.5066542998534,289.9701090739415,289.9701090739415,0.04857969732511632,0.04857969732511632,0.04857969732511632,0.04857969732511632,0.04857969732511632,0.04857969732511632,0.0,0.0,0.0,290.0186887712666
25,2021-10-06,291.2262884568375,249.76849608580076,333.3527416739718,291.2262884568375,291.2262884568375,1.4096944973956658,1.4096944973956658,1.4096944973956658,1.4096944973956658,1.4096944973956658,1.4096944973956658,0.0,0.0,0.0,292.63598295423316
26,2021-10-07,292.4824678397335,249.80884927359685,335.83297470908593,292.4824678397335,292.4824678397335,-0.7821673464415999,-0.7821673464415999,-0.7821673464415999,-0.7821673464415999,-0.7821673464415999,-0.7821673464415999,0.0,0.0,0.0,291.7003004932919
27,2021-10-08,293.7386472226294,252.12730469744017,334.22289845321575,293.7386472226294,293.7386472226294,-2.371297855525247,-2.371297855525247,-2.371297855525247,-2.371297855525247,-2.371297855525247,-2.371297855525247,0.0,0.0,0.0,291.36734936710417
28,2021-10-11,297.5071853713174,261.0707980479919,343.1481507084113,297.5071853713174,297.5071853713174,3.358869670631057,3.358869670631057,3.358869670631057,3.358869670631057,3.358869670631057,3.358869670631057,0.0,0.0,0.0,300.86605504194847
29,2021-10-12,298.7633647542134,257.24177919531473,340.8261519014281,298.7633647542134,298.7633647542134,0.04857969732556917,0.04857969732556917,0.04857969732556917,0.04857969732556917,0.04857969732556917,0.04857969732556917,0.0,0.0,0.0,298.811944451539
30,2021-10-13,300.01954413710934,260.8548191035818,342.6229555707771,300.01954413710934,300.01954413710934,1.409694497384608,1.409694497384608,1.409694497384608,1.409694497384608,1.409694497384608,1.409694497384608,0.0,0.0,0.0,301.42923863449397
31,2021-10-14,301.27572352000533,258.3963346492475,342.0055298957202,301.27572352000533,301.27572352000533,-0.7821673464448498,-0.7821673464448498,-0.7821673464448498,-0.7821673464448498,-0.7821673464448498,-0.7821673464448498,0.0,0.0,0.0,300.4935561735605
32,2021-10-15,302.5319029029013,258.36950592900774,343.572026344889,302.5319029029013,302.5319029029013,-2.371297855538677,-2.371297855538677,-2.371297855538677,-2.371297855538677,-2.371297855538677,-2.371297855538677,0.0,0.0,0.0,300.16060504736265
33,2021-10-18,306.30044099293787,268.7845062322214,352.4326081479929,306.30044099293787,306.30044099293787,3.358869670631133,3.358869670631133,3.358869670631133,3.358869670631133,3.358869670631133,3.358869670631133,0.0,0.0,0.0,309.659310663569
34,2021-10-19,307.55662035628336,264.6015553826941,346.3646914360125,307.55662035628336,307.55662035628336,0.04857969732478455,0.04857969732478455,0.04857969732478455,0.04857969732478455,0.04857969732478455,0.04857969732478455,0.0,0.0,0.0,307.60520005360814
35,2021-10-20,308.8127997196289,270.4971458196148,353.6468176964241,308.8127997196289,308.8127997196289,1.4096944973906782,1.4096944973906782,1.4096944973906782,1.4096944973906782,1.4096944973906782,1.4096944973906782,0.0,0.0,0.0,310.2224942170196
36,2021-10-21,310.0689790829744,266.2730808480189,351.18516983758974,310.0689790829744,310.0689790829744,-0.7821673464435392,-0.7821673464435392,-0.7821673464435392,-0.7821673464435392,-0.7821673464435392,-0.7821673464435392,0.0,0.0,0.0,309.28681173653086
37,2021-10-22,311.3251584463199,267.36166126037324,348.5180672621446,311.3251584463199,311.3251584463199,-2.3712978555314934,-2.3712978555314934,-2.3712978555314934,-2.3712978555314934,-2.3712978555314934,-2.3712978555314934,0.0,0.0,0.0,308.9538605907884
38,2021-10-25,315.0936965363565,279.904444326049,359.6060748853234,315.0936965363565,315.0936965363565,3.3588696706315804,3.3588696706315804,3.3588696706315804,3.3588696706315804,3.3588696706315804,3.3588696706315804,0.0,0.0,0.0,318.4525662069881
39,2021-10-26,316.349875899702,277.07665022189127,357.3817175379962,316.349875899702,316.349875899702,0.04857969733019702,0.04857969733019702,0.04857969733019702,0.04857969733019702,0.04857969733019702,0.04857969733019702,0.0,0.0,0.0,316.3984555970322
40,2021-10-27,317.60605526304755,279.28963132044953,358.47596634359434,317.60605526304755,317.60605526304755,1.4096944973967485,1.4096944973967485,1.4096944973967485,1.4096944973967485,1.4096944973967485,1.4096944973967485,0.0,0.0,0.0,319.0157497604443
41,2021-10-28,318.79158978132193,276.46996329357444,360.9589430159721,318.79158978132193,318.79158978132193,-0.7821673464422287,-0.7821673464422287,-0.7821673464422287,-0.7821673464422287,-0.7821673464422287,-0.7821673464422287,0.0,0.0,0.0,318.0094224348797
42,2021-10-29,319.97712429959626,276.57788212176644,356.8985282785369,319.97712429959626,319.97712429959626,-2.3712978555346163,-2.3712978555346163,-2.3712978555346163,-2.3712978555346163,-2.3712978555346163,-2.3712978555346163,0.0,0.0,0.0,317.6058264440616
43,2021-11-01,323.5337278544194,283.6714044696625,367.70388872394955,323.5337278544194,323.5337278544194,3.3588696706312846,3.3588696706312846,3.3588696706312846,3.3588696706312846,3.3588696706312846,3.3588696706312846,0.0,0.0,0.0,326.8925975250507
44,2021-11-02,324.7192623726938,282.68609145823956,365.8179922006852,324.7192623726938,324.7192623726938,0.04857969732569096,0.04857969732569096,0.04857969732569096,0.04857969732569096,0.04857969732569096,0.04857969732569096,0.0,0.0,0.0,324.76784207001947
45,2021-11-03,325.9047968909681,283.5936180440998,367.9554453984505,325.9047968909681,325.9047968909681,1.4096944973942547,1.4096944973942547,1.4096944973942547,1.4096944973942547,1.4096944973942547,1.4096944973942547,0.0,0.0,0.0,327.31449138836234
46,2021-11-04,327.0903314092425,283.91300997780394,367.3151206414457,327.0903314092425,327.0903314092425,-0.7821673464350059,-0.7821673464350059,-0.7821673464350059,-0.7821673464350059,-0.7821673464350059,-0.7821673464350059,0.0,0.0,0.0,326.30816406280746
47,2021-11-05,328.27586592751686,288.2078799277456,366.790670497096,328.27586592751686,328.27586592751686,-2.371297855527432,-2.371297855527432,-2.371297855527432,-2.371297855527432,-2.371297855527432,-2.371297855527432,0.0,0.0,0.0,325.90456807198944
48,2021-11-08,331.83246948234,297.56056647554175,375.00373200849646,331.83246948234,331.83246948234,3.358869670631732,3.358869670631732,3.358869670631732,3.358869670631732,3.358869670631732,3.358869670631732,0.0,0.0,0.0,335.19133915297175
49,2021-11-09,332.74118341929596,293.5013986481266,376.76546613527034,332.74118341929596,332.74118341929596,0.04857969732614416,0.04857969732614416,0.04857969732614416,0.04857969732614416,0.04857969732614416,0.04857969732614416,0.0,0.0,0.0,332.7897631166221
50,2021-11-10,333.649897356252,293.8418240088452,377.65354668424584,333.649897356252,333.649897356252,1.4096944973947583,1.4096944973947583,1.4096944973947583,1.4096944973947583,1.4096944973947583,1.4096944973947583,0.0,0.0,0.0,335.05959185364674
51,2021-11-11,334.55861129320795,289.94600184016525,375.733474299484,334.55861129320795,334.55861129320795,-0.7821673464441682,-0.7821673464441682,-0.7821673464441682,-0.7821673464441682,-0.7821673464441682,-0.7821673464441682,0.0,0.0,0.0,333.7764439467638
52,2021-11-12,335.46732523016396,292.9689711865055,372.8646180706926,335.46732523016396,335.46732523016396,-2.371297855540862,-2.371297855540862,-2.371297855540862,-2.371297855540862,-2.371297855540862,-2.371297855540862,0.0,0.0,0.0,333.0960273746231
53,2021-11-15,338.19346704103185,302.60689423134954,382.92280889896057,338.19346704103185,338.19346704103185,3.358869670630925,3.358869670630925,3.358869670630925,3.358869670630925,3.358869670630925,3.358869670630925,0.0,0.0,0.0,341.5523367116628
54,2021-11-16,339.1021809779879,297.5482132427478,382.0689367483199,339.1021809779879,339.1021809779879,0.048579697326597185,0.048579697326597185,0.048579697326597185,0.048579697326597185,0.048579697326597185,0.048579697326597185,0.0,0.0,0.0,339.15076067531453
55,2021-11-17,340.01089491494383,299.20751563331135,384.26216541075286,340.01089491494383,340.01089491494383,1.4096944973922645,1.4096944973922645,1.4096944973922645,1.4096944973922645,1.4096944973922645,1.4096944973922645,0.0,0.0,0.0,341.4205894123361
56,2021-11-18,340.91960885189985,298.12600816181185,380.37703206715867,340.91960885189985,340.91960885189985,-0.7821673464323847,-0.7821673464323847,-0.7821673464323847,-0.7821673464323847,-0.7821673464323847,-0.7821673464323847,0.0,0.0,0.0,340.13744150546745
57,2021-11-19,341.3413572560587,294.16907911275456,378.78071122920295,341.3413572560587,341.3413572560587,-2.3712978555336783,-2.3712978555336783,-2.3712978555336783,-2.3712978555336783,-2.3712978555336783,-2.3712978555336783,0.0,0.0,0.0,338.97005940052503
58,2021-11-22,342.60660246853524,307.6183135249888,387.88146934728155,342.60660246853524,342.60660246853524,3.358869670631372,3.358869670631372,3.358869670631372,3.358869670631372,3.358869670631372,3.358869670631372,0.0,0.0,0.0,345.9654721391666
59,2021-11-23,343.02835087269403,302.7301611957833,383.2791905592721,343.02835087269403,343.02835087269403,0.048579697327050565,0.048579697327050565,0.048579697327050565,0.048579697327050565,0.048579697327050565,0.048579697327050565,0.0,0.0,0.0,343.0769305700211
60,2021-11-24,343.4500992768529,303.4811073570027,383.4314775185776,343.4500992768529,343.4500992768529,1.4096944973983347,1.4096944973983347,1.4096944973983347,1.4096944973983347,1.4096944973983347,1.4096944973983347,0.0,0.0,0.0,344.8597937742512
61,2021-11-26,344.29359608517063,298.5605944361203,381.933679121815,344.29359608517063,344.29359608517063,-2.3712978555325237,-2.3712978555325237,-2.3712978555325237,-2.3712978555325237,-2.3712978555325237,-2.3712978555325237,0.0,0.0,0.0,341.9222982296381
62,2021-11-29,345.5588412976471,307.4307779137408,389.8009797864744,345.5588412976471,345.5588412976471,3.3588696706310763,3.3588696706310763,3.3588696706310763,3.3588696706310763,3.3588696706310763,3.3588696706310763,0.0,0.0,0.0,348.9177109682782
63,2021-11-30,345.98058970180597,307.8039084153143,389.1722594234334,345.98058970180597,345.98058970180597,0.04857969732254485,0.04857969732254485,0.04857969732254485,0.04857969732254485,0.04857969732254485,0.04857969732254485,0.0,0.0,0.0,346.02916939912853
64,2021-12-01,346.4023381059648,302.3567946079063,389.5195376102929,346.4023381059648,346.4023381059648,1.4096944973902743,1.4096944973902743,1.4096944973902743,1.4096944973902743,1.4096944973902743,1.4096944973902743,0.0,0.0,0.0,347.8120326033551
65,2021-12-02,346.3401223947168,304.7656937768549,389.5429337546521,346.3401223947168,346.3401223947168,-0.7821673464507096,-0.7821673464507096,-0.7821673464507096,-0.7821673464507096,-0.7821673464507096,-0.7821673464507096,0.0,0.0,0.0,345.5579550482661
66,2021-12-03,346.27790668346876,303.51841234351036,383.5270238111524,346.27790668346876,346.27790668346876,-2.371297855535646,-2.371297855535646,-2.371297855535646,-2.371297855535646,-2.371297855535646,-2.371297855535646,0.0,0.0,0.0,343.9066088279331
67,2021-12-06,346.0912595497247,305.8786649828926,391.0930415165973,346.0912595497247,346.0912595497247,3.3588696706315235,3.3588696706315235,3.3588696706315235,3.3588696706315235,3.3588696706315235,3.3588696706315235,0.0,0.0,0.0,349.45012922035625
68,2021-12-07,346.02904383847664,303.2891409067973,387.30740573697494,346.02904383847664,346.02904383847664,0.048579697331678065,0.048579697331678065,0.048579697331678065,0.048579697331678065,0.048579697331678065,0.048579697331678065,0.0,0.0,0.0,346.0776235358083
69,2021-12-08,345.96682812722867,305.8960899445962,387.5514482389374,345.96682812722867,345.96682812722867,1.4096944973963443,1.4096944973963443,1.4096944973963443,1.4096944973963443,1.4096944973963443,1.4096944973963443,0.0,0.0,0.0,347.376522624625
70,2021-12-09,345.90461241598064,299.854601877466,389.6843383871807,345.90461241598064,345.90461241598064,-0.7821673464493991,-0.7821673464493991,-0.7821673464493991,-0.7821673464493991,-0.7821673464493991,-0.7821673464493991,0.0,0.0,0.0,345.12244506953124
71,2021-12-10,345.8423967047326,301.5598304347628,385.75688763634423,345.8423967047326,345.8423967047326,-2.37129785553877,-2.37129785553877,-2.37129785553877,-2.37129785553877,-2.37129785553877,-2.37129785553877,0.0,0.0,0.0,343.4710988491938
72,2021-12-13,345.6557495709886,306.7180784936918,389.54611098531416,345.6557495709886,345.6557495709886,3.3588696706319707,3.3588696706319707,3.3588696706319707,3.3588696706319707,3.3588696706319707,3.3588696706319707,0.0,0.0,0.0,349.01461924162055
73,2021-12-14,345.3223705149718,305.36132035723494,388.2275686869192,345.3223705149718,345.3223705149718,0.04857969732717236,0.04857969732717236,0.04857969732717236,0.04857969732717236,0.04857969732717236,0.04857969732717236,0.0,0.0,0.0,345.37095021229896
74,2021-12-15,344.988991458955,305.9743574164872,390.9294183449941,344.988991458955,344.988991458955,1.4096944973938508,1.4096944973938508,1.4096944973938508,1.4096944973938508,1.4096944973938508,1.4096944973938508,0.0,0.0,0.0,346.39868595634886
75,2021-12-16,344.65561240293823,300.87335343604053,387.5820415485216,344.65561240293823,344.65561240293823,-0.7821673464480886,-0.7821673464480886,-0.7821673464480886,-0.7821673464480886,-0.7821673464480886,-0.7821673464480886,0.0,0.0,0.0,343.87344505649014
76,2021-12-17,344.3222333469215,297.56846204494127,382.4533105835806,344.3222333469215,344.3222333469215,-2.371297855531586,-2.371297855531586,-2.371297855531586,-2.371297855531586,-2.371297855531586,-2.371297855531586,0.0,0.0,0.0,341.95093549138994
77,2021-12-20,343.3220961788712,301.5000510146981,386.5814488550218,343.3220961788712,343.3220961788712,3.358869670631675,3.358869670631675,3.358869670631675,3.358869670631675,3.358869670631675,3.358869670631675,0.0,0.0,0.0,346.6809658495029
78,2021-12-21,342.9887171228544,299.9276225519607,385.0926506415682,342.9887171228544,342.9887171228544,0.04857969732762556,0.04857969732762556,0.04857969732762556,0.04857969732762556,0.04857969732762556,0.04857969732762556,0.0,0.0,0.0,343.037296820182
79,2021-12-22,342.65533806683766,298.9801512582564,386.00746309410823,342.65533806683766,342.65533806683766,1.4096944973913574,1.4096944973913574,1.4096944973913574,1.4096944973913574,1.4096944973913574,1.4096944973913574,0.0,0.0,0.0,344.065032564229
80,2021-12-23,342.3219590108209,299.57843506315965,383.45322955701295,342.3219590108209,342.3219590108209,-0.7821673464408655,-0.7821673464408655,-0.7821673464408655,-0.7821673464408655,-0.7821673464408655,-0.7821673464408655,0.0,0.0,0.0,341.53979166438
81,2021-12-27,340.3678196537108,298.876578109853,384.99020284435886,340.3678196537108,340.3678196537108,3.358869670632122,3.358869670632122,3.358869670632122,3.358869670632122,3.358869670632122,3.358869670632122,0.0,0.0,0.0,343.72668932434294
82,2021-12-28,339.8792848144333,300.861210036181,381.1809735637368,339.8792848144333,339.8792848144333,0.04857969732684059,0.04857969732684059,0.04857969732684059,0.04857969732684059,0.04857969732684059,0.04857969732684059,0.0,0.0,0.0,339.9278645117601
83,2021-12-29,339.39074997515576,299.5071678621458,380.4555619302156,339.39074997515576,339.39074997515576,1.4096944973888632,1.4096944973888632,1.4096944973888632,1.4096944973888632,1.4096944973888632,1.4096944973888632,0.0,0.0,0.0,340.8004444725446
84,2021-12-30,338.9022151358782,301.750312742176,379.152697212994,338.9022151358782,338.9022151358782,-0.7821673464500278,-0.7821673464500278,-0.7821673464500278,-0.7821673464500278,-0.7821673464500278,-0.7821673464500278,0.0,0.0,0.0,338.12004778942816
85,2021-12-31,338.41368029660066,299.34886031611717,378.69567800976375,338.41368029660066,338.41368029660066,-2.3712978555378323,-2.3712978555378323,-2.3712978555378323,-2.3712978555378323,-2.3712978555378323,-2.3712978555378323,0.0,0.0,0.0,336.04238244106284
86,2022-01-03,336.9480757787681,300.0507209766186,381.7537973574616,336.9480757787681,336.9480757787681,3.3588696706313153,3.3588696706313153,3.3588696706313153,3.3588696706313153,3.3588696706313153,3.3588696706313153,0.0,0.0,0.0,340.3069454493994
87,2022-01-04,336.4595409394906,298.2047601376404,376.4890844175359,336.4595409394906,336.4595409394906,0.04857969733225324,0.04857969733225324,0.04857969733225324,0.04857969733225324,0.04857969733225324,0.04857969733225324,0.0,0.0,0.0,336.5081206368228
88,2022-01-05,335.97100610021306,296.3665245317391,377.00356004869303,335.97100610021306,335.97100610021306,1.4096944973949335,1.4096944973949335,1.4096944973949335,1.4096944973949335,1.4096944973949335,1.4096944973949335,0.0,0.0,0.0,337.380700597608
89,2022-01-06,335.48215379472276,294.1150052983819,375.7876823078549,335.48215379472276,335.48215379472276,-0.7821673464382447,-0.7821673464382447,-0.7821673464382447,-0.7821673464382447,-0.7821673464382447,-0.7821673464382447,0.0,0.0,0.0,334.6999864482845
90,2022-01-07,334.99330148923246,291.7470681260945,373.5984753169415,334.99330148923246,334.99330148923246,-2.3712978555306474,-2.3712978555306474,-2.3712978555306474,-2.3712978555306474,-2.3712978555306474,-2.3712978555306474,0.0,0.0,0.0,332.6220036337018
91,2022-01-10,333.52674457276163,294.4095349541781,375.78607958389676,333.52674457276163,333.52674457276163,3.3588696706313907,3.3588696706313907,3.3588696706313907,3.3588696706313907,3.3588696706313907,3.3588696706313907,0.0,0.0,0.0,336.88561424339304
92,2022-01-11,333.03789226727133,290.675103219943,373.6298866526077,333.03789226727133,333.03789226727133,0.04857969732774752,0.04857969732774752,0.04857969732774752,0.04857969732774752,0.04857969732774752,0.04857969732774752,0.0,0.0,0.0,333.08647196459907
93,2022-01-12,332.54903996178103,293.45132539809384,379.4722190663281,332.54903996178103,332.54903996178103,1.4096944973924401,1.4096944973924401,1.4096944973924401,1.4096944973924401,1.4096944973924401,1.4096944973924401,0.0,0.0,0.0,333.95873445917346
94,2022-01-13,332.06018765629074,291.272888087497,376.66540997021514,332.06018765629074,332.06018765629074,-0.782167346447407,-0.782167346447407,-0.782167346447407,-0.782167346447407,-0.782167346447407,-0.782167346447407,0.0,0.0,0.0,331.2780203098433
95,2022-01-14,331.5713353508005,286.3463727524676,369.3515884028283,331.5713353508005,331.5713353508005,-2.3712978555294923,-2.3712978555294923,-2.3712978555294923,-2.3712978555294923,-2.3712978555294923,-2.3712978555294923,0.0,0.0,0.0,329.200037495271
96,2022-01-18,329.6159261288393,287.49719589722275,370.3364724719747,329.6159261288393,329.6159261288393,0.04857969732324181,0.04857969732324181,0.04857969732324181,0.04857969732324181,0.04857969732324181,0.04857969732324181,0.0,0.0,0.0,329.66450582616255
97,2022-01-19,329.1270738498394,290.00471587225763,370.32329235008945,329.1270738498394,329.1270738498394,1.4096944973929433,1.4096944973929433,1.4096944973929433,1.4096944973929433,1.4096944973929433,1.4096944973929433,0.0,0.0,0.0,330.53676834723234
98,2022-01-20,328.63822157083945,285.6850484475178,368.55801773526093,328.63822157083945,328.63822157083945,-0.7821673464460965,-0.7821673464460965,-0.7821673464460965,-0.7821673464460965,-0.7821673464460965,-0.7821673464460965,0.0,0.0,0.0,327.85605422439335
99,2022-01-21,328.1493692918395,280.79398378284645,365.8688706464768,328.1493692918395,328.1493692918395,-2.371297855532616,-2.371297855532616,-2.371297855532616,-2.371297855532616,-2.371297855532616,-2.371297855532616,0.0,0.0,0.0,325.7780714363069
100,2022-01-24,326.6828124548397,288.594296957054,369.853835384934,326.6828124548397,326.6828124548397,3.3588696706310306,3.3588696706310306,3.3588696706310306,3.3588696706310306,3.3588696706310306,3.3588696706310306,0.0,0.0,0.0,330.0416821254707
101,2022-01-25,326.1939601758397,285.6984874623597,368.8457799404133,326.1939601758397,326.1939601758397,0.04857969732865393,0.04857969732865393,0.04857969732865393,0.04857969732865393,0.04857969732865393,0.04857969732865393,0.0,0.0,0.0,326.24253987316837
102,2022-01-26,325.70510789683976,287.5140991618317,367.03700633665557,325.70510789683976,325.70510789683976,1.4096944973904497,1.4096944973904497,1.4096944973904497,1.4096944973904497,1.4096944973904497,1.4096944973904497,0.0,0.0,0.0,327.1148023942302
103,2022-01-27,325.2162556178398,281.68283252951727,365.53233011353814,325.2162556178398,325.2162556178398,-0.782167346444786,-0.782167346444786,-0.782167346444786,-0.782167346444786,-0.782167346444786,-0.782167346444786,0.0,0.0,0.0,324.434088271395
104,2022-01-28,324.72740333883985,281.2392543339082,359.7072789242189,324.72740333883985,324.72740333883985,-2.371297855535739,-2.371297855535739,-2.371297855535739,-2.371297855535739,-2.371297855535739,-2.371297855535739,0.0,0.0,0.0,322.35610548330413
105,2022-01-31,323.26084650184004,285.1132538507563,362.9602416652751,323.26084650184004,323.26084650184004,3.358869670631106,3.358869670631106,3.358869670631106,3.358869670631106,3.358869670631106,3.358869670631106,0.0,0.0,0.0,326.61971617247116
106,2022-02-01,322.7719941143629,282.43597572751077,366.60517657798874,322.7719941143629,322.7719941143629,0.048579697324147866,0.048579697324147866,0.048579697324147866,0.048579697324147866,0.048579697324147866,0.048579697324147866,0.0,0.0,0.0,322.82057381168704
107,2022-02-02,322.28314172688573,283.8300340517539,368.29308547795085,322.28314172688573,322.28314172688573,1.4096944973965198,1.4096944973965198,1.4096944973965198,1.4096944973965198,1.4096944973965198,1.4096944973965198,0.0,0.0,0.0,323.69283622428225
108,2022-02-03,321.7942893394086,279.19445659007084,366.6511627546292,321.7942893394086,321.7942893394086,-0.7821673464434755,-0.7821673464434755,-0.7821673464434755,-0.7821673464434755,-0.7821673464434755,-0.7821673464434755,0.0,0.0,0.0,321.0121219929651
109,2022-02-04,321.3054369519314,279.869969349652,363.74022916694486,321.3054369519314,321.3054369519314,-2.3712978555242765,-2.3712978555242765,-2.3712978555242765,-2.3712978555242765,-2.3712978555242765,-2.3712978555242765,0.0,0.0,0.0,318.93413909640714
110,2022-02-07,319.8388797895,282.90523749808017,365.7396924446569,319.8388797895,319.8388797895,3.358869670631182,3.358869670631182,3.358869670631182,3.358869670631182,3.358869670631182,3.358869670631182,0.0,0.0,0.0,323.1977494601312
111,2022-02-08,319.3500274020228,279.21074887401267,361.3858672132341,319.3500274020228,319.3500274020228,0.0485796973246016,0.0485796973246016,0.0485796973246016,0.0485796973246016,0.0485796973246016,0.0485796973246016,0.0,0.0,0.0,319.39860709934743
112,2022-02-09,318.8611750145457,276.7704985691398,363.19158959654345,318.8611750145457,318.8611750145457,1.4096944973854622,1.4096944973854622,1.4096944973854622,1.4096944973854622,1.4096944973854622,1.4096944973854622,0.0,0.0,0.0,320.2708695119312
113,2022-02-10,318.3723226270685,273.5720370095461,356.53365933505245,318.3723226270685,318.3723226270685,-0.7821673464467255,-0.7821673464467255,-0.7821673464467255,-0.7821673464467255,-0.7821673464467255,-0.7821673464467255,0.0,0.0,0.0,317.5901552806218
114,2022-02-11,317.8834702279699,274.651207295817,357.2748771508617,317.8834702279699,317.8834702279699,-2.371297855537707,-2.371297855537707,-2.371297855537707,-2.371297855537707,-2.371297855537707,-2.371297855537707,0.0,0.0,0.0,315.5121723724322
115,2022-02-14,316.416913030674,277.42288007298873,359.12228703780136,316.416913030674,316.416913030674,3.3588696706312584,3.3588696706312584,3.3588696706312584,3.3588696706312584,3.3588696706312584,3.3588696706312584,0.0,0.0,0.0,319.7757827013052
116,2022-02-15,315.92806063157536,275.8179929042074,357.91231995454893,315.92806063157536,315.92806063157536,0.048579697328775366,0.048579697328775366,0.048579697328775366,0.048579697328775366,0.048579697328775366,0.048579697328775366,0.0,0.0,0.0,315.9766403289041
117,2022-02-16,315.43920823247674,277.51661535860427,357.9480882927769,315.43920823247674,315.43920823247674,1.4096944973915324,1.4096944973915324,1.4096944973915324,1.4096944973915324,1.4096944973915324,1.4096944973915324,0.0,0.0,0.0,316.84890272986826
118,2022-02-17,314.9503558333781,272.2896693926458,354.26908882520917,314.9503558333781,314.9503558333781,-0.7821673464454149,-0.7821673464454149,-0.7821673464454149,-0.7821673464454149,-0.7821673464454149,-0.7821673464454149,0.0,0.0,0.0,314.1681884869327
119,2022-02-18,314.46150343427945,272.79878431720397,355.62484526188723,314.46150343427945,314.46150343427945,-2.371297855530523,-2.371297855530523,-2.371297855530523,-2.371297855530523,-2.371297855530523,-2.371297855530523,0.0,0.0,0.0,312.0902055787489
120,2022-02-22,312.506093837885,270.9030509190129,354.9204317752372,312.506093837885,312.506093837885,0.0485796973292291,0.0485796973292291,0.0485796973292291,0.0485796973292291,0.0485796973292291,0.0485796973292291,0.0,0.0,0.0,312.5546735352142
121,2022-02-23,312.0172414387863,272.14524635574367,355.9353137711229,312.0172414387863,312.0172414387863,1.4096944973976029,1.4096944973976029,1.4096944973976029,1.4096944973976029,1.4096944973976029,1.4096944973976029,0.0,0.0,0.0,313.4269359361839
122,2022-02-24,311.5283890407988,270.8912942859972,353.4142849363286,311.5283890407988,311.5283890407988,-0.7821673464441043,-0.7821673464441043,-0.7821673464441043,-0.7821673464441043,-0.7821673464441043,-0.7821673464441043,0.0,0.0,0.0,310.7462216943547
123,2022-02-25,311.0395366428112,269.1298467192916,349.252975873472,311.0395366428112,311.0395366428112,-2.3712978555336464,-2.3712978555336464,-2.3712978555336464,-2.3712978555336464,-2.3712978555336464,-2.3712978555336464,0.0,0.0,0.0,308.6682387872775
124,2022-02-28,309.57297944884857,273.9745167033472,352.92714916549573,309.57297944884857,309.57297944884857,3.35886967063141,3.35886967063141,3.35886967063141,3.35886967063141,3.35886967063141,3.35886967063141,0.0,0.0,0.0,312.93184911948
125,2022-03-01,309.08412705086107,269.2353809896479,352.7261891264214,309.08412705086107,309.08412705086107,0.04857969732472286,0.04857969732472286,0.04857969732472286,0.04857969732472286,0.04857969732472286,0.04857969732472286,0.0,0.0,0.0,309.1327067481858
126,2022-03-02,308.59527465287357,267.6174035286637,351.4902360241287,308.59527465287357,308.59527465287357,1.409694497386545,1.409694497386545,1.409694497386545,1.409694497386545,1.409694497386545,1.409694497386545,0.0,0.0,0.0,310.00496915026014
127,2022-03-03,308.106422254886,267.5935723082781,351.17474874946816,308.106422254886,308.106422254886,-0.7821673464368813,-0.7821673464368813,-0.7821673464368813,-0.7821673464368813,-0.7821673464368813,-0.7821673464368813,0.0,0.0,0.0,307.3242549084491
128,2022-03-04,307.61756985689846,262.1857426705713,348.19926779159846,307.61756985689846,307.61756985689846,-2.3712978555367696,-2.3712978555367696,-2.3712978555367696,-2.3712978555367696,-2.3712978555367696,-2.3712978555367696,0.0,0.0,0.0,305.24627200136166
129,2022-03-07,306.1510126629359,267.50467692615973,352.2944509163941,306.1510126629359,306.1510126629359,3.358869670631857,3.358869670631857,3.358869670631857,3.358869670631857,3.358869670631857,3.358869670631857,0.0,0.0,0.0,309.50988233356776
130,2022-03-08,305.6621602623175,262.51569466197066,343.6592956478039,305.6621602623175,305.6621602623175,0.04857969732517659,0.04857969732517659,0.04857969732517659,0.04857969732517659,0.04857969732517659,0.04857969732517659,0.0,0.0,0.0,305.7107399596427
131,2022-03-09,305.1733078616992,264.82354078801546,346.97086204063777,305.1733078616992,305.1733078616992,1.4096944973956127,1.4096944973956127,1.4096944973956127,1.4096944973956127,1.4096944973956127,1.4096944973956127,0.0,0.0,0.0,306.5830023590948
132,2022-03-10,304.6844554610808,264.90537254568477,343.9273791240262,304.6844554610808,304.6844554610808,-0.7821673464460438,-0.7821673464460438,-0.7821673464460438,-0.7821673464460438,-0.7821673464460438,-0.7821673464460438,0.0,0.0,0.0,303.90228811463476
133,2022-03-11,304.1956030604625,260.24695451817433,344.23592426196416,304.1956030604625,304.1956030604625,-2.3712978555398925,-2.3712978555398925,-2.3712978555398925,-2.3712978555398925,-2.3712978555398925,-2.3712978555398925,0.0,0.0,0.0,301.8243052049226
134,2022-03-14,302.7290458586073,262.282906491726,346.7423846613846,302.7290458586073,302.7290458586073,3.3588696706310492,3.3588696706310492,3.3588696706310492,3.3588696706310492,3.3588696706310492,3.3588696706310492,0.0,0.0,0.0,306.0879155292384
135,2022-03-15,302.240193457989,258.9722837770966,343.03786934771693,302.240193457989,302.240193457989,0.04857969732562944,0.04857969732562944,0.04857969732562944,0.04857969732562944,0.04857969732562944,0.04857969732562944,0.0,0.0,0.0,302.28877315531463
136,2022-03-16,301.75134105737067,263.01270811466793,345.0824098300781,301.75134105737067,301.75134105737067,1.409694497393119,1.409694497393119,1.409694497393119,1.409694497393119,1.409694497393119,1.409694497393119,0.0,0.0,0.0,303.16103555476377
137,2022-03-17,301.2624886567522,262.233747167849,343.51333243310575,301.2624886567522,301.2624886567522,-0.7821673464342606,-0.7821673464342606,-0.7821673464342606,-0.7821673464342606,-0.7821673464342606,-0.7821673464342606,0.0,0.0,0.0,300.48032131031795
138,2022-03-18,300.7736362563623,256.41233745871796,338.9536921435958,300.7736362563623,300.7736362563623,-2.371297855532708,-2.371297855532708,-2.371297855532708,-2.371297855532708,-2.371297855532708,-2.371297855532708,0.0,0.0,0.0,298.4023384008296
139,2022-03-21,299.30707905519245,257.1865122018378,342.13703432541047,299.30707905519245,299.30707905519245,3.358869670631125,3.358869670631125,3.358869670631125,3.358869670631125,3.358869670631125,3.358869670631125,0.0,0.0,0.0,302.66594872582357
140,2022-03-22,298.81822665480246,257.48425361945476,340.77245307901575,298.81822665480246,298.81822665480246,0.04857969732608264,0.04857969732608264,0.04857969732608264,0.04857969732608264,0.04857969732608264,0.04857969732608264,0.0,0.0,0.0,298.86680635212855
141,2022-03-23,298.32937425441247,259.4071371994791,342.548611548864,298.32937425441247,298.32937425441247,1.409694497399189,1.409694497399189,1.409694497399189,1.409694497399189,1.409694497399189,1.409694497399189,0.0,0.0,0.0,299.73906875181166
142,2022-03-24,297.84052185402254,256.4953562113148,335.5146311069025,297.84052185402254,297.84052185402254,-0.7821673464434228,-0.7821673464434228,-0.7821673464434228,-0.7821673464434228,-0.7821673464434228,-0.7821673464434228,0.0,0.0,0.0,297.0583545075791
143,2022-03-25,297.35166945363255,251.53841174645407,336.0880313855082,297.35166945363255,297.35166945363255,-2.371297855531553,-2.371297855531553,-2.371297855531553,-2.371297855531553,-2.371297855531553,-2.371297855531553,0.0,0.0,0.0,294.980371598101
144,2022-03-28,295.8851122524627,256.63884329356307,339.275814545954,295.8851122524627,295.8851122524627,3.3588696706312016,3.3588696706312016,3.3588696706312016,3.3588696706312016,3.3588696706312016,3.3588696706312016,0.0,0.0,0.0,299.2439819230939
145,2022-03-29,295.3962598520727,251.2675460667487,338.87116704666823,295.3962598520727,295.3962598520727,0.04857969732157693,0.04857969732157693,0.04857969732157693,0.04857969732157693,0.04857969732157693,0.04857969732157693,0.0,0.0,0.0,295.4448395493943
146,2022-03-30,294.90731463593244,254.75813051724896,335.74562078201916,294.90731463593244,294.90731463593244,1.4096944973911283,1.4096944973911283,1.4096944973911283,1.4096944973911283,1.4096944973911283,1.4096944973911283,0.0,0.0,0.0,296.31700913332355
147,2022-03-31,294.41836941979216,251.50530252079537,332.8284197924706,294.41836941979216,294.41836941979216,-0.782167346452585,-0.782167346452585,-0.782167346452585,-0.782167346452585,-0.782167346452585,-0.782167346452585,0.0,0.0,0.0,293.6362020733396
148,2022-04-01,293.9294242036518,250.54727568248157,330.62634655471163,293.9294242036518,293.9294242036518,-2.3712978555346766,-2.3712978555346766,-2.3712978555346766,-2.3712978555346766,-2.3712978555346766,-2.3712978555346766,0.0,0.0,0.0,291.5581263481171
149,2022-04-04,292.4625885552309,255.77590915985493,335.8073600726583,292.4625885552309,292.4625885552309,3.3588696706316488,3.3588696706316488,3.3588696706316488,3.3588696706316488,3.3588696706316488,3.3588696706316488,0.0,0.0,0.0,295.82145822586256
150,2022-04-05,291.9736433390906,252.00718878660783,333.52361926531904,291.9736433390906,291.9736433390906,0.048579697330709964,0.048579697330709964,0.048579697330709964,0.048579697330709964,0.048579697330709964,0.048579697330709964,0.0,0.0,0.0,292.0222230364213
151,2022-04-06,291.4846981229503,252.09815170319723,333.571162008834,291.4846981229503,291.4846981229503,1.409694497397199,1.409694497397199,1.409694497397199,1.409694497397199,1.409694497397199,1.409694497397199,0.0,0.0,0.0,292.8943926203475
152,2022-04-07,290.99575290681,249.59810139789604,330.6839497900397,290.99575290681,290.99575290681,-0.7821673464408018,-0.7821673464408018,-0.7821673464408018,-0.7821673464408018,-0.7821673464408018,-0.7821673464408018,0.0,0.0,0.0,290.2135855603692
153,2022-04-08,290.5068076906697,245.51250524520208,327.12833956327444,290.5068076906697,290.5068076906697,-2.3712978555377995,-2.3712978555377995,-2.3712978555377995,-2.3712978555377995,-2.3712978555377995,-2.3712978555377995,0.0,0.0,0.0,288.13550983513187
154,2022-04-11,289.0398131529141,251.65021020198822,332.2065408438052,289.0398131529141,289.0398131529141,3.358869670632096,3.358869670632096,3.358869670632096,3.358869670632096,3.358869670632096,3.358869670632096,0.0,0.0,0.0,292.3986828235462
155,2022-04-12,288.5508149736622,247.11296522284104,330.44778907769603,288.5508149736622,288.5508149736622,0.048579697326204256,0.048579697326204256,0.048579697326204256,0.048579697326204256,0.048579697326204256,0.048579697326204256,0.0,0.0,0.0,288.59939467098843
156,2022-04-13,288.0618167944104,248.47805104480793,331.644354443139,288.0618167944104,288.0618167944104,1.409694497394705,1.409694497394705,1.409694497394705,1.409694497394705,1.409694497394705,1.409694497394705,0.0,0.0,0.0,289.4715112918051
157,2022-04-14,287.5728186151585,245.56602133571977,329.55130381941495,287.5728186151585,287.5728186151585,-0.7821673464499642,-0.7821673464499642,-0.7821673464499642,-0.7821673464499642,-0.7821673464499642,-0.7821673464499642,0.0,0.0,0.0,286.79065126870853
158,2022-04-18,285.61682589815103,250.38379436577287,331.65778048987215,285.61682589815103,285.61682589815103,3.3588696706318,3.3588696706318,3.3588696706318,3.3588696706318,3.3588696706318,3.3588696706318,0.0,0.0,0.0,288.97569556878284
159,2022-04-19,285.12782771889925,241.67617833245657,323.5118473035194,285.12782771889925,285.12782771889925,0.048579697326657456,0.048579697326657456,0.048579697326657456,0.048579697326657456,0.048579697326657456,0.048579697326657456,0.0,0.0,0.0,285.1764074162259
160,2022-04-20,284.63882953964736,243.77971691093694,328.9763386536963,284.63882953964736,284.63882953964736,1.4096944973922114,1.4096944973922114,1.4096944973922114,1.4096944973922114,1.4096944973922114,1.4096944973922114,0.0,0.0,0.0,286.04852403703956
161,2022-04-21,284.14983136039547,242.52021321384868,323.31746715131925,284.14983136039547,284.14983136039547,-0.7821673464427412,-0.7821673464427412,-0.7821673464427412,-0.7821673464427412,-0.7821673464427412,-0.7821673464427412,0.0,0.0,0.0,283.3676640139527
162,2022-04-22,283.6608331829753,242.7858613897876,322.44780080736587,283.6608331829753,283.6608331829753,-2.371297855539768,-2.371297855539768,-2.371297855539768,-2.371297855539768,-2.371297855539768,-2.371297855539768,0.0,0.0,0.0,281.28953532743554
163,2022-04-25,282.1938386507146,247.42293191366684,325.7757852563487,282.1938386507146,282.1938386507146,3.3588696706322474,3.3588696706322474,3.3588696706322474,3.3588696706322474,3.3588696706322474,3.3588696706322474,0.0,0.0,0.0,285.55270832134687
164,2022-04-26,281.7048404732943,242.49631279753908,323.8406012124343,281.7048404732943,281.7048404732943,0.048579697330831756,0.048579697330831756,0.048579697330831756,0.048579697330831756,0.048579697330831756,0.048579697330831756,0.0,0.0,0.0,281.75342017062513
165,2022-04-27,281.21584229587415,240.103013894166,322.66118830772893,281.21584229587415,281.21584229587415,1.4096944973897176,1.4096944973897176,1.4096944973897176,1.4096944973897176,1.4096944973897176,1.4096944973897176,0.0,0.0,0.0,282.62553679326385
166,2022-04-28,280.7268441184539,237.40683423133422,322.8894951619561,280.7268441184539,280.7268441184539,-0.7821673464519036,-0.7821673464519036,-0.7821673464519036,-0.7821673464519036,-0.7821673464519036,-0.7821673464519036,0.0,0.0,0.0,279.944676772002
167,2022-04-29,280.23784594103364,236.32389301254616,320.2080143137414,280.23784594103364,280.23784594103364,-2.3712978555325837,-2.3712978555325837,-2.3712978555325837,-2.3712978555325837,-2.3712978555325837,-2.3712978555325837,0.0,0.0,0.0,277.86654808550105
168,2022-05-02,278.770851408773,238.69058577476446,323.35953668213745,278.770851408773,278.770851408773,3.3588696706314405,3.3588696706314405,3.3588696706314405,3.3588696706314405,3.3588696706314405,3.3588696706314405,0.0,0.0,0.0,282.1297210794045
169,2022-05-03,278.2818532313527,236.2773030782623,323.68708913777346,278.2818532313527,278.2818532313527,0.048579697331285136,0.048579697331285136,0.048579697331285136,0.048579697331285136,0.048579697331285136,0.048579697331285136,0.0,0.0,0.0,278.330432928684
170,2022-05-04,277.79285504793324,237.840054596034,318.32639411175956,277.79285504793324,277.79285504793324,1.4096944973957881,1.4096944973957881,1.4096944973957881,1.4096944973957881,1.4096944973957881,1.4096944973957881,0.0,0.0,0.0,279.202549545329
171,2022-05-05,277.30385686451365,235.4376335004613,319.0600197318267,277.30385686451365,277.30385686451365,-0.7821673464401201,-0.7821673464401201,-0.7821673464401201,-0.7821673464401201,-0.7821673464401201,-0.7821673464401201,0.0,0.0,0.0,276.5216895180735
172,2022-05-06,276.81485868109405,235.54946092100658,312.92820867140404,276.81485868109405,276.81485868109405,-2.3712978555253996,-2.3712978555253996,-2.3712978555253996,-2.3712978555253996,-2.3712978555253996,-2.3712978555253996,0.0,0.0,0.0,274.4435608255686
173,2022-05-09,275.3478641308354,234.52162737059828,320.05957659184776,275.3478641308354,275.3478641308354,3.3588696706315155,3.3588696706315155,3.3588696706315155,3.3588696706315155,3.3588696706315155,3.3588696706315155,0.0,0.0,0.0,278.7067338014669
174,2022-05-10,274.8588659474158,234.99974111225768,313.277916008981,274.8588659474158,274.8588659474158,0.048579697326778894,0.048579697326778894,0.048579697326778894,0.048579697326778894,0.048579697326778894,0.048579697326778894,0.0,0.0,0.0,274.90744564474255
175,2022-05-11,274.36986776399624,232.7063279528595,316.12582448666376,274.36986776399624,274.36986776399624,1.4096944973847305,1.4096944973847305,1.4096944973847305,1.4096944973847305,1.4096944973847305,1.4096944973847305,0.0,0.0,0.0,275.779562261381
176,2022-05-12,273.8808695805767,231.14878614171835,313.40933728732773,273.8808695805767,273.8808695805767,-0.7821673464492825,-0.7821673464492825,-0.7821673464492825,-0.7821673464492825,-0.7821673464492825,-0.7821673464492825,0.0,0.0,0.0,273.0987022341274
177,2022-05-13,273.3918713971571,230.55620461174624,312.9539898962047,273.3918713971571,273.3918713971571,-2.3712978555388298,-2.3712978555388298,-2.3712978555388298,-2.3712978555388298,-2.3712978555388298,-2.3712978555388298,0.0,0.0,0.0,271.02057354161826
178,2022-05-16,271.92487683265637,231.03081730390264,316.0110906140544,271.92487683265637,271.92487683265637,3.358869670631591,3.358869670631591,3.358869670631591,3.358869670631591,3.358869670631591,3.358869670631591,0.0,0.0,0.0,275.28374650328794
179,2022-05-17,271.43587864448943,230.10920386596027,313.2040657999224,271.43587864448943,271.43587864448943,0.04857969732227371,0.04857969732227371,0.04857969732227371,0.04857969732227371,0.04857969732227371,0.04857969732227371,0.0,0.0,0.0,271.4844583418117
180,2022-05-18,270.94688045632256,232.295110771096,311.0193518608938,270.94688045632256,270.94688045632256,1.4096944973937977,1.4096944973937977,1.4096944973937977,1.4096944973937977,1.4096944973937977,1.4096944973937977,0.0,0.0,0.0,272.35657495371635
181,2022-05-19,270.45788226815563,229.39661566876669,310.0489426324189,270.45788226815563,270.45788226815563,-0.7821673464479719,-0.7821673464479719,-0.7821673464479719,-0.7821673464479719,-0.7821673464479719,-0.7821673464479719,0.0,0.0,0.0,269.67571492170765
182,2022-05-20,269.96888407998864,226.8697586916492,311.40132220489113,269.96888407998864,269.96888407998864,-2.3712978555316457,-2.3712978555316457,-2.3712978555316457,-2.3712978555316457,-2.3712978555316457,-2.3712978555316457,0.0,0.0,0.0,267.597586224457
183,2022-05-23,268.50188951548796,230.31918186591423,309.1470994457811,268.50188951548796,268.50188951548796,3.358869670631156,3.358869670631156,3.358869670631156,3.358869670631156,3.358869670631156,3.358869670631156,0.0,0.0,0.0,271.86075918611914
184,2022-05-24,268.01289132732103,229.82084758004754,311.1651862199307,268.01289132732103,268.01289132732103,0.048579697327685474,0.048579697327685474,0.048579697327685474,0.048579697327685474,0.048579697327685474,0.048579697327685474,0.0,0.0,0.0,268.0614710246487
185,2022-05-25,267.5238931391541,228.15716600278353,311.64872836136817,267.5238931391541,267.5238931391541,1.409694497391304,1.409694497391304,1.409694497391304,1.409694497391304,1.409694497391304,1.409694497391304,0.0,0.0,0.0,268.9335876365454
186,2022-05-26,267.0348950089663,225.02569378595703,307.64763526633175,267.0348950089663,267.0348950089663,-0.782167346440749,-0.782167346440749,-0.782167346440749,-0.782167346440749,-0.782167346440749,-0.782167346440749,0.0,0.0,0.0,266.25272766252556
187,2022-05-27,266.5458968787786,223.5343333424119,306.6418816107279,266.5458968787786,266.5458968787786,-2.3712978555347686,-2.3712978555347686,-2.3712978555347686,-2.3712978555347686,-2.3712978555347686,-2.3712978555347686,0.0,0.0,0.0,264.17459902324384
188,2022-05-31,264.5899043580276,220.22471114942581,302.3878653488576,264.5899043580276,264.5899043580276,0.04857969732318012,0.04857969732318012,0.04857969732318012,0.04857969732318012,0.04857969732318012,0.04857969732318012,0.0,0.0,0.0,264.6384840553508
189,2022-06-01,264.10090622783986,218.88368878523954,304.5690879588545,264.10090622783986,264.10090622783986,1.4096944973973744,1.4096944973973744,1.4096944973973744,1.4096944973973744,1.4096944973973744,1.4096944973973744,0.0,0.0,0.0,265.5106007252372
190,2022-06-02,263.6119080976521,220.99757699925973,304.69982770085977,263.6119080976521,263.6119080976521,-0.7821673464394385,-0.7821673464394385,-0.7821673464394385,-0.7821673464394385,-0.7821673464394385,-0.7821673464394385,0.0,0.0,0.0,262.8297407512126
191,2022-06-03,263.12290996746435,216.25710506439398,303.9215794546358,263.12290996746435,263.12290996746435,-2.3712978555233066,-2.3712978555233066,-2.3712978555233066,-2.3712978555233066,-2.3712978555233066,-2.3712978555233066,0.0,0.0,0.0,260.75161211194103
192,2022-06-06,261.6559155769011,217.74833654314494,305.1050817177194,261.6559155769011,261.6559155769011,3.358869670631307,3.358869670631307,3.358869670631307,3.358869670631307,3.358869670631307,3.358869670631307,0.0,0.0,0.0,265.0147852475324
193,2022-06-07,261.16691744671334,222.30545196971002,302.66017857057057,261.16691744671334,261.16691744671334,0.048579697323632966,0.048579697323632966,0.048579697323632966,0.048579697323632966,0.048579697323632966,0.048579697323632966,0.0,0.0,0.0,261.215497144037
194,2022-06-08,260.9927942089527,220.06525992932546,303.20848663614277,260.9927942089527,260.9927942089527,1.4096944973863168,1.4096944973863168,1.4096944973863168,1.4096944973863168,1.4096944973863168,1.4096944973863168,0.0,0.0,0.0,262.40248870633906
195,2022-06-09,260.81867097119203,220.02809452819588,300.7954105343844,260.81867097119203,260.81867097119203,-0.7821673464486009,-0.7821673464486009,-0.7821673464486009,-0.7821673464486009,-0.7821673464486009,-0.7821673464486009,0.0,0.0,0.0,260.03650362474343
196,2022-06-10,260.64454773343135,216.07782767866618,298.2978958658103,260.64454773343135,260.64454773343135,-2.3712978555367368,-2.3712978555367368,-2.3712978555367368,-2.3712978555367368,-2.3712978555367368,-2.3712978555367368,0.0,0.0,0.0,258.2732498778946
197,2022-06-13,260.1221780201494,224.20370574377216,303.2727846660986,260.1221780201494,260.1221780201494,3.3588696706313836,3.3588696706313836,3.3588696706313836,3.3588696706313836,3.3588696706313836,3.3588696706313836,0.0,0.0,0.0,263.4810476907808
198,2022-06-14,259.9480547823888,219.03819908288352,301.37932127376564,259.9480547823888,259.9480547823888,0.04857969732780762,0.04857969732780762,0.04857969732780762,0.04857969732780762,0.04857969732780762,0.04857969732780762,0.0,0.0,0.0,259.9966344797166
199,2022-06-15,259.7739315446281,221.87485870888165,302.15006951262484,259.7739315446281,259.7739315446281,1.4096944973923868,1.4096944973923868,1.4096944973923868,1.4096944973923868,1.4096944973923868,1.4096944973923868,0.0,0.0,0.0,261.1836260420205
200,2022-06-16,259.5998083068675,217.32721283764653,299.65599191090257,259.5998083068675,259.5998083068675,-0.7821673464368176,-0.7821673464368176,-0.7821673464368176,-0.7821673464368176,-0.7821673464368176,-0.7821673464368176,0.0,0.0,0.0,258.81764096043065
201,2022-06-17,259.42568506910686,213.13050085185174,300.2853469003189,259.42568506910686,259.42568506910686,-2.371297855529553,-2.371297855529553,-2.371297855529553,-2.371297855529553,-2.371297855529553,-2.371297855529553,0.0,0.0,0.0,257.0543872135773
202,2022-06-21,260.3709540067411,220.52370246200368,301.4493045457252,260.3709540067411,260.3709540067411,0.048579697328260465,0.048579697328260465,0.048579697328260465,0.048579697328260465,0.048579697328260465,0.048579697328260465,0.0,0.0,0.0,260.41953370406935
203,2022-06-22,260.6072712411497,222.45410612849653,302.6625961020111,260.6072712411497,260.6072712411497,1.4096944974014545,1.4096944974014545,1.4096944974014545,1.4096944974014545,1.4096944974014545,1.4096944974014545,0.0,0.0,0.0,262.01696573855116
204,2022-06-23,260.84358847555825,216.95272802133687,302.24627305549274,260.84358847555825,260.84358847555825,-0.7821673464459801,-0.7821673464459801,-0.7821673464459801,-0.7821673464459801,-0.7821673464459801,-0.7821673464459801,0.0,0.0,0.0,260.06142112911226
205,2022-06-24,261.07990570996685,216.4539607815105,299.7054949294718,261.07990570996685,261.07990570996685,-2.371297855532676,-2.371297855532676,-2.371297855532676,-2.371297855532676,-2.371297855532676,-2.371297855532676,0.0,0.0,0.0,258.70860785443415
206,2022-06-27,261.78885741319255,221.9650297423276,307.33537638902095,261.78885741319255,261.78885741319255,3.358869670631535,3.358869670631535,3.358869670631535,3.358869670631535,3.358869670631535,3.358869670631535,0.0,0.0,0.0,265.14772708382407
207,2022-06-28,262.0251746476011,220.41635078310782,303.791104021787,262.0251746476011,262.0251746476011,0.04857969732375529,0.04857969732375529,0.04857969732375529,0.04857969732375529,0.04857969732375529,0.04857969732375529,0.0,0.0,0.0,262.07375434492485
208,2022-06-29,262.2614918820097,223.34878924883554,303.31200655324784,262.2614918820097,262.2614918820097,1.4096944973903967,1.4096944973903967,1.4096944973903967,1.4096944973903967,1.4096944973903967,1.4096944973903967,0.0,0.0,0.0,263.67118637940007
209,2022-06-30,262.49780911641824,222.13942644581837,304.47105397665223,262.49780911641824,262.49780911641824,-0.782167346438757,-0.782167346438757,-0.782167346438757,-0.782167346438757,-0.782167346438757,-0.782167346438757,0.0,0.0,0.0,261.71564176997947
210,2022-07-01,262.7341263508268,219.15467725017928,303.0988126427971,262.7341263508268,262.7341263508268,-2.3712978555357993,-2.3712978555357993,-2.3712978555357993,-2.3712978555357993,-2.3712978555357993,-2.3712978555357993,0.0,0.0,0.0,260.362828495291
211,2022-07-05,263.67939528846114,222.11152929917074,306.63581515288104,263.67939528846114,263.67939528846114,0.04857969732916687,0.04857969732916687,0.04857969732916687,0.04857969732916687,0.04857969732916687,0.04857969732916687,0.0,0.0,0.0,263.7279749857903
212,2022-07-06,263.9157125228696,224.30887538354156,309.072394192167,263.9157125228696,263.9157125228696,1.4096944973964667,1.4096944973964667,1.4096944973964667,1.4096944973964667,1.4096944973964667,1.4096944973964667,0.0,0.0,0.0,265.3254070202661
213,2022-07-07,264.1520297572782,222.5395363503871,303.0475660453697,264.1520297572782,264.1520297572782,-0.7821673464479193,-0.7821673464479193,-0.7821673464479193,-0.7821673464479193,-0.7821673464479193,-0.7821673464479193,0.0,0.0,0.0,263.3698624108303
214,2022-07-08,264.3883469916868,220.23084672809523,303.8261958099314,264.3883469916868,264.3883469916868,-2.371297855538922,-2.371297855538922,-2.371297855538922,-2.371297855538922,-2.371297855538922,-2.371297855538922,0.0,0.0,0.0,262.0170491361479
215,2022-07-11,265.0972986949125,228.07511339519834,309.0487952256961,265.0972986949125,265.0972986949125,3.3588696706311745,3.3588696706311745,3.3588696706311745,3.3588696706311745,3.3588696706311745,3.3588696706311745,0.0,0.0,0.0,268.4561683655437
216,2022-07-12,265.33361592932107,225.61353699278231,306.39986172990046,265.33361592932107,265.33361592932107,0.04857969732466134,0.04857969732466134,0.04857969732466134,0.04857969732466134,0.04857969732466134,0.04857969732466134,0.0,0.0,0.0,265.38219562664574
217,2022-07-13,265.5699331637297,225.78762571863228,312.6267270400529,265.5699331637297,265.5699331637297,1.4096944973939731,1.4096944973939731,1.4096944973939731,1.4096944973939731,1.4096944973939731,1.4096944973939731,0.0,0.0,0.0,266.97962766112363
218,2022-07-14,265.8062503981382,223.6902317665457,302.872880447064,265.8062503981382,265.8062503981382,-0.782167346436136,-0.782167346436136,-0.782167346436136,-0.782167346436136,-0.782167346436136,-0.782167346436136,0.0,0.0,0.0,265.02408305170206
219,2022-07-15,266.0425676325468,221.95752493657366,308.0118185176132,266.0425676325468,266.0425676325468,-2.371297855531738,-2.371297855531738,-2.371297855531738,-2.371297855531738,-2.371297855531738,-2.371297855531738,0.0,0.0,0.0,263.6712697770151
220,2022-07-18,266.7515193357725,227.78297153779508,313.4388447976503,266.7515193357725,266.7515193357725,3.3588696706312504,3.3588696706312504,3.3588696706312504,3.3588696706312504,3.3588696706312504,3.3588696706312504,0.0,0.0,0.0,270.11038900640375
221,2022-07-19,266.98783657018106,226.19284421199814,308.80228306843964,266.98783657018106,266.98783657018106,0.04857969732883528,0.04857969732883528,0.04857969732883528,0.04857969732883528,0.04857969732883528,0.04857969732883528,0.0,0.0,0.0,267.0364162675099
222,2022-07-20,267.22415380458966,227.88897242119086,307.14406716451066,267.22415380458966,267.22415380458966,1.4096944973914798,1.4096944973914798,1.4096944973914798,1.4096944973914798,1.4096944973914798,1.4096944973914798,0.0,0.0,0.0,268.6338483019811
223,2022-07-21,267.4604710389982,225.1574644424966,307.98759789188216,267.4604710389982,267.4604710389982,-0.7821673464452983,-0.7821673464452983,-0.7821673464452983,-0.7821673464452983,-0.7821673464452983,-0.7821673464452983,0.0,0.0,0.0,266.6783036925529
224,2022-07-22,267.69678827340675,222.04447193260324,304.7676689871132,267.69678827340675,267.69678827340675,-2.371297855540891,-2.371297855540891,-2.371297855540891,-2.371297855540891,-2.371297855540891,-2.371297855540891,0.0,0.0,0.0,265.32549041786586
225,2022-07-25,268.4057399766325,230.91792786203015,313.7806633997947,268.4057399766325,268.4057399766325,3.358869670631326,3.358869670631326,3.358869670631326,3.358869670631326,3.358869670631326,3.358869670631326,0.0,0.0,0.0,271.76460964726385
226,2022-07-26,268.6420572110411,227.04124352588124,309.4512741443307,268.6420572110411,268.6420572110411,0.0485796973243301,0.0485796973243301,0.0485796973243301,0.0485796973243301,0.0485796973243301,0.0485796973243301,0.0,0.0,0.0,268.69063690836543
227,2022-07-27,268.8783744454496,230.06646222205723,311.13919262461457,268.8783744454496,268.8783744454496,1.409694497391983,1.409694497391983,1.409694497391983,1.409694497391983,1.409694497391983,1.409694497391983,0.0,0.0,0.0,270.28806894284156
228,2022-07-28,269.1146916798582,225.51548463898416,312.3861329834958,269.1146916798582,269.1146916798582,-0.7821673464544608,-0.7821673464544608,-0.7821673464544608,-0.7821673464544608,-0.7821673464544608,-0.7821673464544608,0.0,0.0,0.0,268.33252433340374
229,2022-07-29,269.3510089142668,225.37966302293563,307.49888338228476,269.3510089142668,269.3510089142668,-2.3712978555337063,-2.3712978555337063,-2.3712978555337063,-2.3712978555337063,-2.3712978555337063,-2.3712978555337063,0.0,0.0,0.0,266.9797110587331
230,2022-08-01,270.0599606174925,231.20782585878786,314.86555084638036,270.0599606174925,270.0599606174925,3.358869670631773,3.358869670631773,3.358869670631773,3.358869670631773,3.358869670631773,3.358869670631773,0.0,0.0,0.0,273.41883028812424
231,2022-08-02,270.29627785190104,230.18957170913706,310.5482926845137,270.29627785190104,270.29627785190104,0.048579697329741864,0.048579697329741864,0.048579697329741864,0.048579697329741864,0.048579697329741864,0.048579697329741864,0.0,0.0,0.0,270.34485754923077
232,2022-08-03,270.5325950863096,231.7958784892417,313.0367526122707,270.5325950863096,270.5325950863096,1.409694497398053,1.409694497398053,1.409694497398053,1.409694497398053,1.409694497398053,1.409694497398053,0.0,0.0,0.0,271.94228958370763
233,2022-08-04,270.7689123207182,228.40299790607074,310.39243562694406,270.7689123207182,270.7689123207182,-0.7821673464426775,-0.7821673464426775,-0.7821673464426775,-0.7821673464426775,-0.7821673464426775,-0.7821673464426775,0.0,0.0,0.0,269.9867449742755
234,2022-08-05,271.0052295551268,225.00686692079614,310.44538265287366,271.0052295551268,271.0052295551268,-2.371297855536829,-2.371297855536829,-2.371297855536829,-2.371297855536829,-2.371297855536829,-2.371297855536829,0.0,0.0,0.0,268.63393169958994
235,2022-08-08,271.7141812583525,231.36025725339815,315.6635889102022,271.7141812583525,271.7141812583525,3.3588696706314773,3.3588696706314773,3.3588696706314773,3.3588696706314773,3.3588696706314773,3.3588696706314773,0.0,0.0,0.0,275.07305092898395
236,2022-08-09,271.950498492761,228.60699851736453,311.5109808633924,271.950498492761,271.950498492761,0.048579697325236156,0.048579697325236156,0.048579697325236156,0.048579697325236156,0.048579697325236156,0.048579697325236156,0.0,0.0,0.0,271.99907819008627
237,2022-08-10,272.18681572716963,230.35175801541521,311.5712097028264,272.18681572716963,272.18681572716963,1.4096944973869956,1.4096944973869956,1.4096944973869956,1.4096944973869956,1.4096944973869956,1.4096944973869956,0.0,0.0,0.0,273.59651022455665
238,2022-08-11,272.4231329615782,228.61904452510515,314.20744235864197,272.4231329615782,272.4231329615782,-0.7821673464518397,-0.7821673464518397,-0.7821673464518397,-0.7821673464518397,-0.7821673464518397,-0.7821673464518397,0.0,0.0,0.0,271.64096561512633
239,2022-08-12,272.6594501959867,229.32687964383072,311.14555440079596,272.6594501959867,272.6594501959867,-2.371297855525367,-2.371297855525367,-2.371297855525367,-2.371297855525367,-2.371297855525367,-2.371297855525367,0.0,0.0,0.0,270.28815234046135
240,2022-08-15,273.3684018992125,236.09933749251948,317.66283630091175,273.3684018992125,273.3684018992125,3.3588696706319254,3.3588696706319254,3.3588696706319254,3.3588696706319254,3.3588696706319254,3.3588696706319254,0.0,0.0,0.0,276.7272715698444
241,2022-08-16,273.604719133621,235.20517244501315,316.88473588485255,273.604719133621,273.604719133621,0.048579697325689356,0.048579697325689356,0.048579697325689356,0.048579697325689356,0.048579697325689356,0.048579697325689356,0.0,0.0,0.0,273.6532988309467
242,2022-08-17,273.8410363680296,233.68287730310752,316.3233988785698,273.8410363680296,273.8410363680296,1.4096944973930656,1.4096944973930656,1.4096944973930656,1.4096944973930656,1.4096944973930656,1.4096944973930656,0.0,0.0,0.0,275.25073086542267
243,2022-08-18,274.07735360243817,232.3747710155026,313.1284065346728,274.07735360243817,274.07735360243817,-0.7821673464446167,-0.7821673464446167,-0.7821673464446167,-0.7821673464446167,-0.7821673464446167,-0.7821673464446167,0.0,0.0,0.0,273.29518625599354
244,2022-08-19,274.3136708368467,230.99498024336611,314.0796706319351,274.3136708368467,274.3136708368467,-2.3712978555387974,-2.3712978555387974,-2.3712978555387974,-2.3712978555387974,-2.3712978555387974,-2.3712978555387974,0.0,0.0,0.0,271.9423729813079
245,2022-08-22,275.02262254007246,239.29559986864382,320.4643174332359,275.02262254007246,275.02262254007246,3.3588696706314893,3.3588696706314893,3.3588696706314893,3.3588696706314893,3.3588696706314893,3.3588696706314893,0.0,0.0,0.0,278.3814922107039
246,2022-08-23,275.258939774481,233.81053442868742,314.2551237823837,275.258939774481,275.258939774481,0.048579697329863655,0.048579697329863655,0.048579697329863655,0.048579697329863655,0.048579697329863655,0.048579697329863655,0.0,0.0,0.0,275.30751947181085
247,2022-08-24,275.49525700888955,234.0670260488056,315.198607515605,275.49525700888955,275.49525700888955,1.4096944973905723,1.4096944973905723,1.4096944973905723,1.4096944973905723,1.4096944973905723,1.4096944973905723,0.0,0.0,0.0,276.9049515062801
248,2022-08-25,275.73157424329816,232.2279485256943,318.9872278409826,275.73157424329816,275.73157424329816,-0.7821673464433061,-0.7821673464433061,-0.7821673464433061,-0.7821673464433061,-0.7821673464433061,-0.7821673464433061,0.0,0.0,0.0,274.94940689685484
249,2022-08-26,275.9678914777067,230.011545580498,317.32516945180697,275.9678914777067,275.9678914777067,-2.3712978555316133,-2.3712978555316133,-2.3712978555316133,-2.3712978555316133,-2.3712978555316133,-2.3712978555316133,0.0,0.0,0.0,273.5965936221751
250,2022-08-29,276.6768431809324,235.7230636870628,318.74887107784804,276.6768431809324,276.6768431809324,3.358869670631565,3.358869670631565,3.358869670631565,3.358869670631565,3.358869670631565,3.358869670631565,0.0,0.0,0.0,280.03571285156397
251,2022-08-30,276.913160415341,235.69913764865547,313.01690211146854,276.913160415341,276.913160415341,0.048579697330316855,0.048579697330316855,0.048579697330316855,0.048579697330316855,0.048579697330316855,0.048579697330316855,0.0,0.0,0.0,276.9617401126713
252,2022-08-31,277.1494776497496,236.91108721938787,320.36826116714616,277.1494776497496,277.1494776497496,1.409694497396642,1.409694497396642,1.409694497396642,1.409694497396642,1.409694497396642,1.409694497396642,0.0,0.0,0.0,278.5591721471462
253,2022-09-01,277.38579488415814,234.4227518901772,319.2569695798748,277.38579488415814,277.38579488415814,-0.7821673464419959,-0.7821673464419959,-0.7821673464419959,-0.7821673464419959,-0.7821673464419959,-0.7821673464419959,0.0,0.0,0.0,276.60362753771614
254,2022-09-02,277.6221121185667,232.83934638311123,316.8951464961728,277.6221121185667,277.6221121185667,-2.3712978555244293,-2.3712978555244293,-2.3712978555244293,-2.3712978555244293,-2.3712978555244293,-2.3712978555244293,0.0,0.0,0.0,275.2508142630423
255,2022-09-03,277.8584293529753,235.8133147113051,316.30826050210817,277.85838489222084,277.8584293529753,-0.8318393145991112,-0.8318393145991112,-0.8318393145991112,-0.8318393145991112,-0.8318393145991112,-0.8318393145991112,0.0,0.0,0.0,277.0265900383762
256,2022-09-04,278.09474658738384,237.3339033843495,320.00575107185546,278.0778206358443,278.09900791313197,-0.8318393487722474,-0.8318393487722474,-0.8318393487722474,-0.8318393487722474,-0.8318393487722474,-0.8318393487722474,0.0,0.0,0.0,277.2629072386116
257,2022-09-05,278.33106382179244,240.93701058787195,320.6756626061942,278.28681402265863,278.38569934259755,3.3588696706316408,3.3588696706316408,3.3588696706316408,3.3588696706316408,3.3588696706316408,3.3588696706316408,0.0,0.0,0.0,281.6899334924241
258,2022-09-06,278.567381056201,235.6718326646398,319.33618615184565,278.4537565773853,278.66723528247536,0.04857969732581132,0.04857969732581132,0.04857969732581132,0.04857969732581132,0.04857969732581132,0.04857969732581132,0.0,0.0,0.0,278.6159607535268
259,2022-09-07,278.8036982906096,241.36770342207163,319.45834741304265,278.61698445288204,278.9627140753076,1.4096944973855847,1.4096944973855847,1.4096944973855847,1.4096944973855847,1.4096944973855847,1.4096944973855847,0.0,0.0,0.0,280.2133927879952
260,2022-09-08,279.0400155250181,234.26321311468035,319.39281970591935,278.78990640027456,279.3021492701535,-0.7821673464452455,-0.7821673464452455,-0.7821673464452455,-0.7821673464452455,-0.7821673464452455,-0.7821673464452455,0.0,0.0,0.0,278.25784817857283
261,2022-09-09,279.2763327594267,234.5200526339071,319.4700421356481,278.912592004223,279.64227278647996,-2.3712978555378594,-2.3712978555378594,-2.3712978555378594,-2.3712978555378594,-2.3712978555378594,-2.3712978555378594,0.0,0.0,0.0,276.9050349038888
262,2022-09-10,279.5126499938353,235.7878936456443,316.69685545858175,279.06013651570623,279.9686509477257,-0.8318393145960994,-0.8318393145960994,-0.8318393145960994,-0.8318393145960994,-0.8318393145960994,-0.8318393145960994,0.0,0.0,0.0,278.6808106792392
263,2022-09-11,279.7489672282438,240.2135291683314,320.89703487047643,279.20996310140526,280.32995084203395,-0.8318393487714815,-0.8318393487714815,-0.8318393487714815,-0.8318393487714815,-0.8318393487714815,-0.8318393487714815,0.0,0.0,0.0,278.91712787947233
264,2022-09-12,279.98528446265243,243.58892558381442,322.9679530115284,279.33723990502057,280.67428938494857,3.3588696706317163,3.3588696706317163,3.3588696706317163,3.3588696706317163,3.3588696706317163,3.3588696706317163,0.0,0.0,0.0,283.3441541332841
265,2022-09-13,280.221601697061,239.88878047056767,322.8662878257505,279.4504334387769,281.012492536012,0.04857969733122326,0.04857969733122326,0.04857969733122326,0.04857969733122326,0.04857969733122326,0.04857969733122326,0.0,0.0,0.0,280.2701813943922
266,2022-09-14,280.4579189314695,242.98055950148216,323.903296114805,279.56755199534797,281.35011498053655,1.4096944973946521,1.4096944973946521,1.4096944973946521,1.4096944973946521,1.4096944973946521,1.4096944973946521,0.0,0.0,0.0,281.86761342886416
267,2022-09-15,280.69423616587807,237.91588590151727,320.30859243798113,279.69323946206146,281.7224874704869,-0.7821673464439352,-0.7821673464439352,-0.7821673464439352,-0.7821673464439352,-0.7821673464439352,-0.7821673464439352,0.0,0.0,0.0,279.9120688194341
268,2022-09-16,280.93055340028667,234.7273949001701,319.65231856846594,279.71631439736814,282.1283441067189,-2.3712978555306754,-2.3712978555306754,-2.3712978555306754,-2.3712978555306754,-2.3712978555306754,-2.3712978555306754,0.0,0.0,0.0,278.559255544756
269,2022-09-17,281.1668706346953,239.0966028387461,323.8473535019812,279.8002718377422,282.5753643074961,-0.8318393146011882,-0.8318393146011882,-0.8318393146011882,-0.8318393146011882,-0.8318393146011882,-0.8318393146011882,0.0,0.0,0.0,280.33503132009406
270,2022-09-18,281.4031878691038,240.5800714234588,323.0271843069068,279.88861041897945,283.0157695016363,-0.8318393487803105,-0.8318393487803105,-0.8318393487803105,-0.8318393487803105,-0.8318393487803105,-0.8318393487803105,0.0,0.0,0.0,280.5713485203235
271,2022-09-19,281.63950510351236,244.63515029226443,324.9580176467169,279.98788776710865,283.4412971543023,3.358869670631281,3.358869670631281,3.358869670631281,3.358869670631281,3.358869670631281,3.358869670631281,0.0,0.0,0.0,284.99837477414366
272,2022-09-20,281.87582233792097,240.7523194095676,324.3333180619349,280.0457903000691,283.84717326377233,0.04857969732671773,0.04857969732671773,0.04857969732671773,0.04857969732671773,0.04857969732671773,0.04857969732671773,0.0,0.0,0.0,281.9244020352477
273,2022-09-21,282.1121395723295,243.93878416060537,321.56676270661245,280.1379402533062,284.234351457305,1.4096944973921586,1.4096944973921586,1.4096944973921586,1.4096944973921586,1.4096944973921586,1.4096944973921586,0.0,0.0,0.0,283.52183406972165
274,2022-09-22,282.3484568067381,241.60895364064592,321.49855883222733,280.1689884848818,284.6575158464587,-0.7821673464426245,-0.7821673464426245,-0.7821673464426245,-0.7821673464426245,-0.7821673464426245,-0.7821673464426245,0.0,0.0,0.0,281.5662894602955
275,2022-09-23,282.58477404114666,239.79464963034502,321.5600056327326,280.15859938314935,285.00519481252303,-2.3712978555337987,-2.3712978555337987,-2.3712978555337987,-2.3712978555337987,-2.3712978555337987,-2.3712978555337987,0.0,0.0,0.0,280.2134761856129
276,2022-09-24,282.8210912755552,242.18712030580159,323.12560792736605,280.16502758436644,285.43537693745805,-0.8318393145900763,-0.8318393145900763,-0.8318393145900763,-0.8318393145900763,-0.8318393145900763,-0.8318393145900763,0.0,0.0,0.0,281.98925196096513
277,2022-09-25,283.0574085099638,241.2207489511769,324.8051356522344,280.23358638671994,285.8635176217624,-0.8318393487752553,-0.8318393487752553,-0.8318393487752553,-0.8318393487752553,-0.8318393487752553,-0.8318393487752553,0.0,0.0,0.0,282.22556916118856
278,2022-09-26,283.29372574437235,245.5023758976377,330.7698589146412,280.2500493762593,286.3089947361562,3.3588696706309844,3.3588696706309844,3.3588696706309844,3.3588696706309844,3.3588696706309844,3.3588696706309844,0.0,0.0,0.0,286.65259541500336
279,2022-09-27,283.53004297878095,242.06137510322384,326.32949068307397,280.33341605963966,286.752843287125,0.04857969732221184,0.04857969732221184,0.04857969732221184,0.04857969732221184,0.04857969732221184,0.04857969732221184,0.0,0.0,0.0,283.5786226761032
280,2022-09-28,283.7663602131895,240.97652741613106,325.6732380546208,280.3645714320473,287.21459910045576,1.4096944973896648,1.4096944973896648,1.4096944973896648,1.4096944973896648,1.4096944973896648,1.4096944973896648,0.0,0.0,0.0,285.17605471057914
281,2022-09-29,284.00267744759805,240.40279500326378,324.15979406067584,280.3796251727058,287.681444545311,-0.7821673464413142,-0.7821673464413142,-0.7821673464413142,-0.7821673464413142,-0.7821673464413142,-0.7821673464413142,0.0,0.0,0.0,283.2205101011567
282,2022-09-30,284.23899468200665,241.66966620110074,327.6453091823788,280.4010184000791,288.09452302204414,-2.3712978555326445,-2.3712978555326445,-2.3712978555326445,-2.3712978555326445,-2.3712978555326445,-2.3712978555326445,0.0,0.0,0.0,281.867696826474
